1,298,17.846864111721516
2,1,-36.930965423583984
3,1,-36.93107223510742
4,1,-36.93107223510742
5,1,-36.930965423583984
6,1,-36.93107223510742
7,1,-36.93107223510742
8,1,-36.93107223510742
9,1,-36.93107223510742
10,1,-36.93107223510742
11,1,-36.93107223510742
12,1,-36.930965423583984
13,1,-36.93107223510742
14,1,-36.930965423583984
15,1,-36.93107223510742
16,1,-36.93107223510742
17,1,-36.93107223510742
18,1,-36.93107223510742
19,1,-36.93107223510742
20,1,-36.93107604980469
21,1,-36.93107223510742
22,1,-36.93107223510742
23,1,-36.93107223510742
24,1,-36.930965423583984
25,1,-36.93107223510742
26,1,-36.930965423583984
27,1,-36.93107604980469
28,1,-36.93107223510742
29,1,-36.93107223510742
30,1,-36.93107223510742
31,1,-36.93107223510742
32,1,-36.93107223510742
33,1,-36.93107223510742
34,1,-36.93107223510742
35,1,-36.93107223510742
36,1,-36.930965423583984
37,1,-36.930965423583984
38,1,-36.930965423583984
39,1,-36.93107223510742
40,1,-36.93107223510742
41,1,-36.930965423583984
42,1,-36.930965423583984
43,1,-36.93107223510742
44,1,-36.93107223510742
45,1,-36.93107223510742
46,1,-36.930965423583984
47,1,-36.93107223510742
48,1,-36.93107223510742
49,1,-36.93107223510742
50,1,-36.93107223510742
51,1,-36.930965423583984
52,1,-36.930965423583984
53,1,-36.93107223510742
54,1,-36.93107223510742
55,1,-36.93107223510742
56,1,-36.930965423583984
57,1,-36.93107223510742
58,1,-36.930965423583984
59,1,-36.93107223510742
60,1,-36.930965423583984
61,1,-36.930965423583984
62,1,-36.93107223510742
63,1,-36.930965423583984
64,1,-36.93107223510742
65,1,-36.930965423583984
66,1,-36.93107223510742
67,1,-36.930965423583984
68,1,-36.93107223510742
1,219,-16.61048747599125
2,1,-36.93107223510742
1,298,25.262389704585075
2,1,-36.93107223510742
3,1,-36.93107223510742
4,1,-36.93107223510742
5,1,-36.930965423583984
6,1,-36.930965423583984
7,1,-36.93107223510742
8,1,-36.93107223510742
9,1,-36.93107223510742
10,1,-36.930965423583984
11,1,-36.93107223510742
12,1,-36.93107223510742
13,1,-36.93107223510742
14,1,-36.93107223510742
15,1,-36.93107223510742
16,1,-36.93107223510742
17,1,-36.93107223510742
18,1,-36.93107223510742
19,1,-36.93107223510742
20,1,-36.93107223510742
21,1,-36.93107223510742
22,1,-36.93107223510742
23,1,-36.93107223510742
24,1,-36.93107223510742
25,1,-36.930965423583984
26,1,-36.93107223510742
27,1,-36.930965423583984
28,1,-36.93107223510742
29,1,-36.93107223510742
30,1,-36.93107223510742
31,1,-36.93107223510742
32,1,-36.93107223510742
33,1,-36.93107223510742
34,1,-36.93107223510742
35,1,-36.93107223510742
36,1,-36.93107223510742
37,1,-36.93107604980469
38,1,-36.93107223510742
39,1,-36.93107223510742
40,1,-36.930965423583984
41,1,-36.930965423583984
42,1,-36.930965423583984
43,1,-36.93107223510742
44,1,-36.930965423583984
45,1,-36.930965423583984
46,1,-36.930965423583984
47,1,-36.930965423583984
48,1,-36.93107223510742
49,1,-36.93107223510742
50,1,-36.93107223510742
51,1,-36.93107223510742
52,1,-36.93107223510742
53,1,-36.93107223510742
54,1,-36.93107223510742
55,1,-36.93107223510742
56,1,-36.93107223510742
57,1,-36.93107223510742
58,1,-36.93107223510742
59,1,-36.93107223510742
60,1,-36.930965423583984
61,1,-36.93107223510742
62,1,-36.93107223510742
63,1,-36.930965423583984
64,1,-36.93107223510742
65,1,-36.930965423583984
66,1,-36.93107223510742
67,1,-36.93107223510742
68,1,-36.93107223510742
69,1,-36.93107223510742
70,1,-36.93107223510742
71,1,-36.93107223510742
72,1,-36.93107223510742
73,1,-36.93107604980469
74,1,-36.93107223510742
75,1,-36.930965423583984
76,1,-36.93107223510742
77,1,-36.93107223510742
78,1,-36.930965423583984
79,1,-36.930965423583984
80,1,-36.93107223510742
81,1,-36.93107223510742
82,1,-36.93107223510742
83,1,-36.93107223510742
84,1,-36.93107223510742
85,1,-36.93107223510742
86,1,-36.93107223510742
87,1,-36.93107223510742
88,1,-36.930965423583984
89,1,-36.93107223510742
90,1,-36.93107223510742
91,1,-36.93107223510742
92,1,-36.93107223510742
93,1,-36.93107223510742
94,1,-36.930965423583984
95,1,-36.930965423583984
96,1,-36.93107223510742
97,1,-36.93107223510742
98,1,-36.93107223510742
99,1,-36.93107223510742
100,1,-36.930965423583984
101,1,-36.93107223510742
102,1,-36.93107223510742
103,1,-36.93107223510742
104,1,-36.93107223510742
105,1,-36.93107223510742
106,1,-36.93107223510742
107,1,-36.93107223510742
108,1,-36.93107223510742
109,1,-36.93107223510742
110,1,-36.93107223510742
111,1,-36.93107223510742
112,1,-36.930965423583984
113,1,-36.93107223510742
114,1,-36.93107223510742
115,1,-36.93107223510742
116,1,-36.930965423583984
117,1,-36.93107223510742
118,1,-36.93107223510742
119,1,-36.930965423583984
120,1,-36.93107223510742
121,1,-36.93107223510742
122,1,-36.93107223510742
123,1,-36.93107223510742
124,1,-36.930965423583984
125,1,-36.93107223510742
126,1,-36.93107223510742
127,1,-36.93107223510742
128,1,-36.93107223510742
129,1,-36.930965423583984
130,1,-36.93107223510742
131,1,-36.93107223510742
132,1,-36.93107223510742
133,1,-36.93107223510742
134,1,-36.930965423583984
135,1,-36.93107223510742
136,1,-36.930965423583984
137,1,-36.93107223510742
138,1,-36.93107223510742
139,1,-36.930965423583984
140,1,-36.930965423583984
141,1,-36.930965423583984
142,1,-36.93107223510742
143,1,-36.93107223510742
144,1,-36.930965423583984
145,1,-36.930965423583984
146,1,-36.93107223510742
147,1,-36.93107223510742
148,1,-36.930965423583984
149,1,-36.93107223510742
150,1,-36.93107223510742
151,1,-36.93107223510742
152,1,-36.930965423583984
153,1,-36.93107223510742
154,1,-36.930965423583984
155,1,-36.93107223510742
156,1,-36.93107223510742
157,1,-36.93107223510742
158,1,-36.93107223510742
159,1,-36.930965423583984
160,1,-36.93107223510742
161,1,-36.93107223510742
162,1,-36.930965423583984
163,1,-36.93107223510742
164,1,-36.930965423583984
165,1,-36.93107223510742
166,1,-36.93107223510742
167,1,-36.93107223510742
168,1,-36.93107223510742
169,1,-36.93087387084961
170,1,-36.93107223510742
171,1,-36.93107223510742
172,1,-36.930965423583984
173,1,-36.93107223510742
174,1,-36.93107223510742
175,1,-36.93107223510742
176,1,-36.93107223510742
177,1,-36.93107223510742
178,1,-36.93107223510742
179,1,-36.93107223510742
180,1,-36.93107223510742
181,1,-36.93107223510742
182,1,-36.93107223510742
183,1,-36.93107223510742
184,1,-36.93107223510742
185,1,-36.93107223510742
186,1,-36.93107223510742
187,1,-36.93107223510742
188,1,-36.93107223510742
189,1,-36.93107223510742
190,1,-36.93107223510742
191,1,-36.930965423583984
192,1,-36.93107223510742
193,1,-36.93107223510742
194,1,-36.93107223510742
195,1,-36.93107223510742
196,1,-36.93107223510742
197,1,-36.93107223510742
198,1,-36.93107223510742
199,1,-36.93107223510742
200,1,-36.93107223510742
201,1,-36.930965423583984
202,1,-36.93107223510742
203,1,-36.93107223510742
204,1,-36.93107223510742
205,1,-36.930965423583984
206,1,-36.930965423583984
207,1,-36.930965423583984
208,1,-36.93107223510742
209,1,-36.93107223510742
210,1,-36.93107223510742
211,1,-36.93107223510742
212,1,-36.93107223510742
213,1,-36.930965423583984
214,1,-36.93107223510742
215,1,-36.93107223510742
216,1,-36.93107223510742
217,1,-36.93107223510742
218,1,-36.93107223510742
219,1,-36.93107223510742
220,1,-36.93107223510742
221,1,-36.930965423583984
222,1,-36.930965423583984
223,1,-36.930965423583984
224,1,-36.93107223510742
225,1,-36.93107223510742
226,1,-36.93087387084961
227,1,-36.930965423583984
228,1,-36.930965423583984
229,1,-36.930965423583984
230,1,-36.93107223510742
231,1,-36.930965423583984
232,1,-36.93107223510742
233,1,-36.93107223510742
234,1,-36.93107223510742
235,1,-36.93107223510742
236,1,-36.93107223510742
237,1,-36.930965423583984
238,1,-36.93107223510742
239,1,-36.930965423583984
240,1,-36.93107223510742
241,1,-36.93107223510742
242,1,-36.93107223510742
243,1,-36.930965423583984
244,1,-36.93107223510742
245,1,-36.930965423583984
246,1,-36.93107223510742
247,1,-36.93107223510742
248,1,-36.93107223510742
249,1,-36.930965423583984
250,1,-36.93107223510742
251,1,-36.93107223510742
252,1,-36.930965423583984
253,1,-36.93107223510742
254,1,-36.93107223510742
255,1,-36.93107223510742
256,1,-36.930965423583984
257,1,-36.93107223510742
258,1,-36.93107223510742
259,1,-36.930965423583984
260,1,-36.93107223510742
261,1,-36.930965423583984
262,1,-36.93107223510742
263,1,-36.93107223510742
264,1,-36.930965423583984
265,1,-36.930965423583984
266,1,-36.93107223510742
267,1,-36.930965423583984
268,1,-36.93107223510742
269,1,-36.93107223510742
270,1,-36.930965423583984
271,1,-36.930965423583984
272,1,-36.930965423583984
273,1,-36.93107223510742
274,1,-36.93107223510742
275,1,-36.93107223510742
276,1,-36.930965423583984
277,1,-36.93107223510742
278,1,-36.93107223510742
279,1,-36.93107223510742
280,1,-36.930965423583984
281,1,-36.930965423583984
282,1,-36.93107223510742
283,1,-36.93107223510742
284,1,-36.930965423583984
285,1,-36.93107223510742
286,1,-36.93107223510742
287,1,-36.93107223510742
288,1,-36.930965423583984
289,1,-36.93107223510742
290,1,-36.930965423583984
291,1,-36.930965423583984
292,1,-36.93107223510742
293,1,-36.93107223510742
294,1,-36.93107223510742
295,1,-36.93107223510742
296,1,-36.93107223510742
297,1,-36.93107223510742
298,1,-36.93107223510742
299,1,-36.93107223510742
300,1,-36.930965423583984
301,1,-36.93107223510742
302,1,-36.93107223510742
303,1,-36.930965423583984
304,1,-36.93107223510742
305,1,-36.930965423583984
306,1,-36.930965423583984
307,1,-36.93107223510742
308,1,-36.930965423583984
309,1,-36.930965423583984
310,1,-36.93107223510742
311,1,-36.93107223510742
1,248,-11.71559264138341
2,241,19.054766103625298
3,181,-19.418000921607018
4,168,-22.712825302034616
5,130,-31.022723149508238
6,180,-13.91963117569685
7,139,-28.540731452405453
8,114,-12.082372456789017
9,111,-11.787142530083656
10,150,-1.5489269345998764
11,137,-5.005171328783035
12,157,1.3239641338586807
13,147,-25.776961490511894
14,147,-2.025186225771904
15,102,-14.652841910719872
16,114,-11.361717402935028
17,104,-12.808400705456734
18,103,-13.667222142219543
19,140,-4.458933919668198
20,133,-6.773406490683556
21,135,-5.512258678674698
22,149,-2.7932344675064087
23,133,-6.001457393169403
24,83,-42.93239392340183
25,92,-17.690736055374146
26,97,-16.197147101163864
27,93,-16.335610881447792
28,101,-14.034027472138405
29,119,-9.558252096176147
30,129,-6.934412375092506
31,123,-9.241440922021866
32,126,-7.787419766187668
33,135,-7.934236317873001
34,103,-36.91956666857004
35,91,-16.36453885398805
36,98,-15.395581811666489
37,91,-17.345893055200577
38,94,-17.2191554158926
39,91,-16.88920282572508
40,95,-15.606450736522675
41,126,-9.082555338740349
42,119,-10.046758696436882
43,121,-8.997315675020218
44,125,-7.938445031642914
45,89,-17.712764903903008
46,88,-17.974422201514244
47,91,-16.750040903687477
48,93,-16.770690232515335
49,92,-17.16254038363695
50,88,-17.849624827504158
51,114,-10.974039882421494
52,133,-5.686339378356934
53,120,-9.738772109150887
54,122,-9.592126086354256
55,107,-12.656550869345665
56,81,-19.642293840646744
57,82,-19.751490011811256
58,79,-19.90237805247307
59,83,-19.04908788204193
60,87,-18.017768427729607
61,83,-19.006157740950584
62,88,-17.854320019483566
63,90,-17.450999930500984
64,80,-19.61770698428154
65,84,-19.033842831850052
66,129,-7.60539473593235
67,126,-7.964291512966156
68,121,-9.705072551965714
69,118,-10.182223126292229
70,97,-15.904584288597107
71,83,-19.27358889579773
72,76,-20.858997210860252
73,85,-18.660566046833992
74,88,-18.209034621715546
75,86,-18.58008337020874
76,86,-18.48168022185564
77,88,-17.644465267658234
78,87,-17.74212971329689
79,89,-18.03745612502098
80,90,-17.374891333281994
81,84,-18.434989139437675
82,125,-8.249119073152542
83,118,-9.51265349984169
84,126,-8.11009967327118
85,113,-11.405630573630333
86,102,-14.216009825468063
87,78,-20.552510768175125
88,85,-18.790663331747055
89,93,-16.861906111240387
90,83,-19.22534354031086
91,83,-19.09167642891407
92,86,-18.47277297079563
93,82,-19.216673135757446
94,81,-19.50307334959507
95,92,-16.635831847786903
96,87,-18.024554699659348
97,86,-18.690590620040894
98,88,-18.237316504120827
99,88,-18.05644842982292
100,86,-18.23802451789379
101,79,-20.287481486797333
102,87,-18.380661711096764
103,84,-18.89045351743698
104,80,-19.93414755165577
105,88,-17.73070888221264
106,86,-18.462478771805763
107,111,-11.766413375735283
108,121,-9.135885208845139
109,114,-11.26431493461132
110,111,-12.044661045074463
111,84,-19.373617380857468
112,82,-19.55259694159031
113,86,-18.398556858301163
114,90,-17.31383253633976
115,85,-18.756034657359123
116,81,-19.548201620578766
117,83,-19.08263236284256
118,88,-17.69550658762455
119,88,-18.095249325037003
120,83,-19.25160701572895
121,82,-19.48383477330208
122,83,-18.862931042909622
123,86,-18.540547966957092
124,84,-18.89585830271244
125,81,-19.81274303793907
126,83,-19.359252020716667
127,86,-18.49942557513714
128,87,-18.1984890550375
129,86,-18.558847352862358
130,80,-20.008458137512207
131,86,-18.306557714939117
132,86,-18.508047342300415
133,81,-19.808071047067642
134,82,-19.409778371453285
135,78,-20.156098559498787
136,78,-20.060070633888245
137,78,-20.257506176829338
138,83,-19.151745304465294
139,86,-18.416988536715508
140,83,-18.729681849479675
141,81,-19.748328924179077
142,83,-18.89163203537464
143,88,-17.619611591100693
144,83,-18.8369932025671
145,84,-19.05600966513157
146,78,-44.08831334114075
147,74,-45.667519584298134
148,79,-44.17540594935417
149,104,-36.44905289262533
150,86,-18.598663348704576
151,73,-44.83003057539463
152,85,-43.27196519821882
153,82,-43.085361406207085
154,64,-50.36381036043167
155,71,-48.59695643186569
156,66,-49.452583476901054
157,76,-45.990476459264755
158,80,-43.95023761689663
159,69,-49.838621348142624
160,67,-49.87788298726082
161,70,-48.351311191916466
162,88,-15.054335854947567
163,93,-44.55066276341677
164,67,-50.32031238544732
165,78,89.37382112443447
166,92,-43.71720692515373
167,82,-42.909010991454124
168,70,-50.04056856408715
169,65,-49.545232482254505
170,88,-45.984979095868766
171,69,-49.59384510293603
172,59,-51.55590741336346
173,64,-50.43560365960002
174,63,-50.29257057234645
175,68,-48.37411664240062
176,66,-49.788836508989334
177,73,-48.265404012054205
178,78,-48.42030446603894
179,75,-21.52452403306961
180,79,-43.408322814852
181,89,-43.65641221776605
182,82,-19.468102108687162
183,88,-17.142996594309807
184,91,-16.479745090007782
185,79,-44.761844262480736
186,65,-50.39408676326275
187,59,-52.00663639605045
188,68,-49.23321898281574
189,86,-39.24775540828705
190,85,-17.258417695760727
191,83,-41.95795077085495
192,87,-41.33943475782871
193,82,-42.187812834978104
194,97,-15.186475232243538
195,106,-11.453400135040283
196,77,-43.47294761240482
197,77,-19.91714371740818
198,86,-18.556740552186966
199,77,-47.968177534639835
200,68,-49.97950331866741
201,67,-50.509983621537685
202,92,-42.21183776855469
203,170,-29.42301470786333
204,86,-41.49748106626794
205,93,-40.51904074847698
206,75,-21.121836192905903
207,77,-20.667424649000168
208,73,-21.525501057505608
209,98,-39.13520622998476
210,91,-18.216600945219398
211,92,-17.270718354731798
212,76,-21.099587932229042
213,80,-20.248350597918034
214,71,-22.23248215764761
215,78,-20.45961819589138
216,83,-19.38938643038273
217,81,-20.07002355158329
218,77,-20.51544763892889
219,78,-20.576856061816216
220,74,-21.59278566390276
221,161,-25.421954460442066
222,90,-39.74029917269945
223,90,-13.837791785597801
224,131,-35.19841431081295
225,72,-21.96085169003345
226,96,-40.666459783911705
227,104,-42.092088893055916
228,87,-18.968057319521904
229,139,-30.10519766807556
230,90,-17.93588423728943
231,84,-19.207034572958946
232,80,-20.22952066361904
233,82,-18.932504072785378
234,120,-7.422304414212704
235,112,-37.29501402378082
236,183,-15.595873191952705
237,114,-33.01629430055618
238,64,-48.29743367433548
239,92,-42.00564435124397
240,104,-37.815805554389954
241,179,-22.007826771587133
242,131,-29.704220540821552
243,131,-26.94121491909027
244,80,-43.703674986958504
245,93,-38.06274536252022
246,114,-12.301753789186478
247,82,-41.68197371810675
248,114,-33.7600025087595
249,72,-47.16158019006252
250,73,-47.12496140599251
251,83,-42.4840964525938
252,298,31.314415934495628
253,103,-37.18960419297218
254,103,-36.33052432537079
255,95,-41.47798480093479
256,64,-50.10596977174282
257,69,-48.29214084148407
258,67,-49.46281681954861
259,82,-14.373958304524422
260,200,25.07326453924179
261,69,-47.58139988780022
262,77,-45.50405295193195
263,89,-40.36008056998253
264,143,-27.230427093803883
265,153,6.651096239686012
266,96,-40.66677326709032
267,107,-39.01817353069782
268,208,-11.933034539222717
269,81,-46.06763857603073
270,222,-5.038364976644516
271,74,-44.423329181969166
272,103,-7.3437581062316895
273,115,-4.171304702758789
274,157,-22.31550396978855
275,171,-15.908760026097298
276,112,-34.83470003306866
277,148,-23.858982875943184
278,87,-40.921072378754616
279,111,-36.086825519800186
280,226,-5.332278311252594
281,86,-40.03955398499966
282,101,-12.070668265223503
283,75,-20.790705040097237
284,75,-21.133647680282593
285,89,-39.79067952930927
286,107,-34.42664393782616
287,104,-33.99771675467491
288,174,-18.231107503175735
289,62,-49.011509105563164
290,96,-15.033363670110703
291,90,-41.57733617722988
292,126,-29.299798294901848
293,120,-35.66299895942211
294,109,-32.2370472997427
295,94,-16.0339158475399
296,127,-32.64379394054413
297,79,-46.34123319387436
298,107,-38.337025344371796
299,98,-36.39964410662651
300,91,-44.01221649348736
301,85,-43.61666579544544
302,102,-37.690811187028885
303,96,-40.26439189910889
304,108,-35.422216042876244
305,87,-42.80970500409603
306,113,-32.45638631284237
307,169,5.228800654411316
308,68,-45.01164574921131
309,85,-18.301518976688385
310,84,-44.57257014513016
311,150,-28.792036715894938
312,88,-40.27140488475561
313,100,-38.922929756343365
314,70,-47.37856122851372
315,65,-49.42017938196659
316,100,-33.93194001913071
317,76,-45.39919935166836
318,125,-28.58779026567936
319,110,-11.60399328917265
320,112,-8.754547789692879
321,88,-39.40267997980118
322,76,-44.91077996790409
323,95,-39.811243802309036
324,87,-42.72346571087837
325,193,11.634873807430267
326,95,-39.362479880452156
327,86,-17.16746798157692
328,95,-41.996996596455574
329,83,-46.29193502664566
330,85,-45.48504190146923
331,144,-25.16043991036713
332,119,-35.00471992790699
333,74,-50.625370882451534
334,82,90.28243072330952
335,75,-47.890270963311195
336,148,-27.372201561927795
337,87,-47.67820070683956
338,79,-47.35711807012558
339,63,-51.53849783912301
340,88,-18.01657972484827
341,84,-41.32864870131016
342,68,-52.642891466617584
343,77,-50.56628696620464
344,103,-44.286078967154026
345,92,-46.75252143666148
346,93,-45.98686645925045
347,93,-46.06637589633465
348,99,-43.35391836613417
349,68,-53.145194098353386
350,66,-51.99713657796383
351,107,-45.60915007442236
352,93,-44.95654211193323
353,95,-46.08146594464779
354,92,-46.587413027882576
355,92,-46.053341776132584
356,68,-50.58709417283535
357,68,-51.0777802169323
358,69,-51.99598237127066
359,65,-52.68414808809757
360,103,-39.71252937987447
361,132,-28.08624269068241
362,91,-43.34554807841778
363,89,-47.57622495293617
364,80,-46.79466226696968
365,68,-48.98450464010239
366,94,-17.047300968319178
367,73,-50.69198660552502
368,71,-50.45490962266922
369,109,-41.23887633532286
370,114,-34.45954303443432
371,82,-48.47200457751751
372,83,-48.8956713527441
373,107,92.82517289370298
374,66,-52.8656620234251
375,73,-50.487764433026314
376,93,-45.55773192644119
377,124,99.85448964685202
378,99,-44.33207695931196
379,104,-42.87434034049511
380,87,-47.93042327463627
381,74,-49.46777667105198
382,92,-45.707284862175584
383,112,99.3598563671112
384,108,96.30554793775082
385,121,98.17865964770317
386,65,-53.40612903982401
387,80,-49.83592490851879
388,83,-45.46475046686828
389,111,-37.088116221129894
390,105,95.35392391681671
391,94,93.71642581373453
392,92,92.05331926047802
393,77,-45.282738104462624
394,85,-43.07392894849181
395,76,-47.81373877450824
396,103,94.1609562933445
397,99,-44.228684805333614
398,94,-43.008578941226006
399,102,-40.551020964980125
400,127,-36.679087951779366
401,65,-51.02317501604557
402,111,-35.64835211634636
403,101,-38.84580421447754
404,103,-43.04198012128472
405,108,-41.897490471601486
406,298,34.758300583809614
407,102,-40.93703834339976
408,95,-40.59481044486165
409,93,-16.70400146394968
410,68,-48.26432013511658
411,80,-44.77003671228886
412,87,-46.57375816255808
413,96,-44.14124605059624
414,88,-44.56092123687267
415,92,-44.908362969756126
416,180,-27.072111949324608
417,117,-36.483502831310034
418,109,-38.89888475835323
419,99,-44.14648472517729
420,100,-43.77238693088293
421,107,-42.400330709293485
422,106,-41.58299904316664
423,96,-41.90848841518164
424,85,-45.26974721252918
425,108,-43.73555465042591
426,91,-42.5321737799095
427,91,-45.41047689318657
428,106,-42.16187455505133
429,150,-4.299941014498472
430,189,-16.48974658548832
431,82,-45.35692173987627
432,64,-50.02999205887318
433,115,-35.477673560380936
434,113,-36.784932628273964
435,93,-42.98286045715213
436,88,-44.28034865856171
437,102,-36.693833619356155
438,123,-35.10416992381215
439,111,-39.595849595963955
440,78,-45.99971328675747
441,100,-39.89030201174319
442,87,-44.6961080506444
443,86,-44.67393882619217
444,93,-45.805084347724915
445,91,-43.28716844320297
446,142,-29.063057526946068
447,115,-38.12078795954585
448,99,-14.593116670846939
449,78,-19.991432562470436
450,83,-44.38228027522564
451,85,-44.7754881978035
452,81,-46.02757792174816
453,85,-45.18974760361016
454,90,-43.133330307900906
455,92,-45.598966946825385
456,90,-45.4610358774662
457,105,-37.199255246669054
458,87,-45.78291194885969
459,102,-43.13854340463877
460,228,18.052233040332794
461,104,-38.15296231210232
462,125,-29.410296082496643
463,122,-9.518615514039993
464,95,-42.71709445118904
465,99,-41.49514001607895
466,132,-28.124955713748932
467,91,-43.473544612526894
468,91,-44.36186809837818
469,80,-45.21486842632294
470,134,-7.286133363842964
471,129,-32.69040821492672
472,93,-45.01034680008888
473,92,-42.741441771388054
474,87,-45.352298652753234
475,112,-35.53453390300274
476,253,31.59085139632225
477,84,-42.81125983595848
478,96,-40.02717636525631
479,92,-43.219168335199356
480,95,-42.30138897150755
481,112,-37.66724352538586
482,128,-34.293686494231224
483,128,-6.6633355766534805
484,130,-31.48464761674404
485,118,-34.51942536234856
486,110,-11.627129018306732
487,107,-12.860380291938782
488,91,-41.00815507769585
489,94,-41.60168679058552
490,106,-38.55523467063904
491,87,-46.85562853515148
492,95,-41.310381546616554
493,124,-28.505732968449593
494,114,-10.716076746582985
495,100,-14.530882745981216
496,96,-15.680753037333488
497,107,-12.132830500602722
498,103,-37.848136618733406
499,95,-42.54368682205677
500,117,-36.597955986857414
501,175,-19.351843375712633
502,98,-15.59656436741352
503,95,-44.569291457533836
504,132,-6.047995910048485
505,89,-42.40214864909649
506,126,-35.701036646962166
507,202,6.916077017784119
508,77,-47.8865232616663
509,116,-10.503103956580162
510,95,-42.48258925974369
511,100,-13.576698333024979
512,90,-17.152708306908607
513,119,-10.146039128303528
514,91,-43.37619227170944
515,103,-13.8877432346344
516,122,-32.134732365608215
517,102,-13.836933940649033
518,97,-15.019047960639
519,152,-2.2880738228559494
520,103,-34.94467782974243
521,92,-39.20027060806751
522,136,-28.37931078672409
523,125,-8.058187380433083
524,99,-38.1166737228632
525,298,25.365045800805092
526,103,-13.5625681579113
527,110,-11.845947042107582
528,117,-9.688281327486038
529,125,-7.6332667618989944
530,118,-9.253269642591476
531,168,3.833872750401497
532,139,-5.399795547127724
533,239,16.418920308351517
534,67,-22.83785291016102
535,99,-36.02383844554424
536,99,-37.37505443394184
537,166,-20.279732659459114
538,112,-11.412851616740227
539,100,-14.500647395849228
540,122,-37.756071612238884
541,92,-38.975491091609
542,88,-17.306331142783165
543,186,-17.372534424066544
544,114,-11.038821682333946
545,139,-5.362538501620293
546,154,-2.604936882853508
547,77,-20.47567442059517
548,105,-13.290040090680122
549,127,-7.503464475274086
550,115,-10.116722762584686
551,102,-14.12808308005333
552,121,-9.169818639755249
553,130,-7.1360283344984055
554,123,-7.778825879096985
555,104,-36.109142661094666
556,155,-1.9493210315704346
557,102,-35.65166458487511
558,98,-14.898241728544235
559,95,-16.30548021197319
560,166,1.1173153221607208
561,134,-4.743168354034424
562,148,-3.046261355280876
563,146,-28.6210628002882
564,129,-7.88146398961544
565,178,4.336311921477318
566,103,-36.660999193787575
567,140,-30.41363126039505
568,133,-30.670962661504745
569,122,-10.666344836354256
570,122,-8.680872797966003
571,132,-6.901310488581657
572,161,-23.329097777605057
573,116,-9.942804902791977
574,98,-37.796278297901154
575,122,-8.28684376180172
576,109,-11.880296379327774
577,108,-34.967376202344894
578,98,-14.42473815381527
579,108,-12.965581640601158
580,130,-33.165813490748405
581,138,-4.949810788035393
582,137,-7.232473701238632
583,102,-13.917052865028381
584,105,-13.129415646195412
585,135,-28.667551442980766
586,115,-9.84511362016201
587,128,-31.36572314798832
588,102,-14.410817041993141
589,113,-11.253793448209763
590,165,-25.91691616177559
591,206,8.248501360416412
592,111,-12.464551866054535
593,101,-14.439111158251762
594,146,-3.244817942380905
595,181,-21.278942599892616
596,153,-23.392924413084984
597,149,-28.863790944218636
598,161,-0.21962502598762512
599,102,-14.069776847958565
600,124,-6.807781472802162
601,188,9.910511430352926
602,127,-33.26787178218365
603,102,-40.840486258268356
604,105,-9.624522268772125
605,108,-32.594621405005455
606,133,-32.103612288832664
607,105,-39.26029001921415
608,108,-32.752153381705284
609,95,-37.341289430856705
610,190,-13.541614413261414
611,104,-9.764676339924335
612,107,-9.149346515536308
613,161,-24.741622418165207
614,108,-9.200764887034893
615,94,-41.521502166986465
616,200,10.759787634015083
617,90,-17.3573397397995
618,74,-43.61837586760521
619,109,-12.519260421395302
620,126,-30.436464607715607
621,105,-12.765679612755775
622,115,-37.578110322356224
623,154,-27.82670398056507
624,117,-10.656094491481781
625,115,-10.003416538238525
626,101,-13.84257972240448
627,111,-11.795229479670525
628,158,-22.432902961969376
629,146,-3.434419557452202
630,129,-30.354546561837196
631,162,0.6516916304826736
632,131,-26.025737524032593
633,77,-42.793836399912834
634,103,-33.99022723734379
635,92,-39.381614834070206
636,121,-30.24696024507284
637,83,-41.13860759139061
638,88,-40.43225109577179
639,110,-34.49215243011713
640,134,-30.382962450385094
641,119,-31.88515244424343
642,148,-3.204100266098976
643,104,-13.737840816378593
644,121,-31.580056831240654
645,70,-45.17385374382138
646,98,-39.925314858555794
647,89,-41.80416614521528
648,146,-3.649724528193474
649,118,-31.4938555508852
650,100,-14.477717533707619
651,111,-12.272858753800392
652,200,-15.533385783433914
653,127,-8.334639430046082
654,103,-39.22567702829838
655,145,-28.594186529517174
656,103,-38.30222175642848
657,100,-41.963046540506184
658,118,-33.13369193673134
659,190,-18.40772581100464
660,120,-33.04524141550064
661,244,-6.066816173493862
662,117,-30.221369355916977
663,149,-22.406840175390244
664,114,-32.74045290052891
665,121,-10.073401518166065
666,169,-24.573801666498184
667,177,-22.16727716475725
668,118,-30.809580944478512
669,88,-39.85603702068329
670,298,25.006631270051003
671,177,-17.234062656760216
672,136,-5.95374271273613
673,185,-16.172818139195442
674,229,-11.025021389126778
675,123,-9.01399427652359
676,131,-3.176391616463661
677,173,-19.83699007332325
678,114,-5.196976825594902
679,133,-29.450149685144424
680,128,-8.142506174743176
681,101,-13.986820369958878
682,104,-42.21223995089531
683,74,-47.85686607658863
684,123,-36.270764619112015
685,132,-3.380010224878788
686,222,12.026433449238539
687,153,2.4157347977161407
688,100,-40.917541190981865
689,87,-44.126912735402584
690,83,-45.6968010365963
691,156,-28.564429134130478
692,120,-5.959771849215031
693,183,8.710379973053932
694,176,-20.719271928071976
695,223,17.269325353205204
696,128,-36.79570638388395
697,118,-36.55049690231681
698,90,-44.0438439399004
699,283,-2.063819356262684
700,128,-35.99522852152586
701,146,-32.968244798481464
702,167,-24.495057687163353
703,68,-47.08160810172558
704,113,-8.007251247763634
705,130,-7.7982098162174225
706,226,18.58177115023136
707,100,-10.879787385463715
708,99,-40.053579553961754
709,142,-31.599385127425194
710,175,-19.266918912529945
711,75,-21.664483547210693
712,94,-42.32060496509075
713,123,-36.771250784397125
714,144,-31.516956821084023
715,134,-32.00096854567528
716,298,24.981969192624092
717,176,-24.615547336637974
718,79,-20.66102174669504
719,79,-20.33575388789177
720,80,-19.722799748182297
721,71,-22.171660229563713
722,66,-47.03585788607597
723,73,-46.220873691141605
724,75,-46.97425273433328
725,72,-22.34243954718113
726,73,-43.54745665192604
727,123,-4.774181738495827
728,156,-29.15253782272339
729,131,-34.39533129706979
730,93,-43.22139136493206
731,59,-51.72091417276533
732,67,-50.45756398886442
733,266,27.504983849823475
734,233,15.130918350070715
735,130,-3.67377869784832
736,175,3.733026491943747
737,298,28.077119678258896
738,210,-21.420459633227438
739,212,11.412625953555107
740,148,0.8682901039719582
741,133,-32.661051735281944
742,92,-41.91434908285737
743,118,-10.15439860522747
744,167,-19.5546223372221
745,223,16.585700020194054
746,93,-39.30184822157025
747,288,2.1631134003400803
748,86,-14.577731315046549
749,297,-0.6820656731724739
750,143,-26.13857026025653
751,216,-13.454498574137688
752,185,8.281710669398308
753,298,21.509803131222725
754,207,4.683804169297218
755,149,-28.56855671480298
756,74,-52.59855192899704
757,188,12.348436668515205
758,73,-47.67894326150417
759,69,-48.95363838970661
760,112,-38.39473616704345
761,213,-15.16705346852541
762,169,-24.468927457928658
763,71,-49.6370517462492
764,74,-48.94093181192875
765,136,-32.01535412669182
766,74,-47.66628910601139
767,131,-7.339856311678886
768,289,29.930539947003126
769,81,-42.44804257154465
770,134,-3.9790295735001564
771,116,-6.857469663023949
772,90,-13.784012965857983
773,161,-23.702590584754944
774,148,-27.66231658682227
775,85,-44.31617544218898
776,232,20.46704486384988
777,201,-18.467695266008377
778,133,-36.503843922168016
779,117,-37.81823942810297
780,148,-29.873960368335247
781,153,-26.799248844385147
782,266,23.500537678599358
783,101,-38.242775708436966
784,298,3.119017411954701
785,160,1.1954817119985819
786,150,-3.538207833596971
787,95,-40.070912063121796
788,134,-32.637753531336784
789,103,-39.44044041633606
790,122,-37.36057050526142
791,103,-14.430753946304321
792,80,-47.375001445412636
793,286,-9.817934906110168
794,136,-30.740019472315907
795,76,-48.44785878807306
796,83,-47.911585103254765
797,155,-30.026184514164925
798,172,-24.6405780762434
799,185,0.3236615968635306
800,265,22.107190284878016
801,88,-43.7619356662035
802,214,16.641968555748463
803,179,8.89799403771758
804,116,-29.889896899461746
805,273,2.507604707032442
806,165,-22.626323238015175
807,107,-40.942612908780575
808,101,-38.0771067738533
809,120,-39.988391518592834
810,97,-42.96470293425955
811,94,-42.81403039395809
812,93,-43.20335403084755
813,98,-43.095140248537064
814,127,-32.77598012983799
815,145,-33.98873124271631
816,138,-29.06486560218036
817,137,-28.961550876498222
818,89,-45.01623198390007
819,110,-36.685626313090324
820,106,-41.5879923235625
821,104,-37.148547418415546
822,105,-40.853809133172035
823,211,14.574606131762266
824,123,-30.802758738398552
825,104,-36.87566300481558
826,109,-9.138440951704979
827,118,-6.216783098876476
828,149,2.006819773465395
829,111,-8.059843957424164
830,86,-44.25191181898117
831,105,-35.99662139452994
832,298,-18.228981274089165
833,178,-25.15062427520752
834,193,-19.94945576041937
835,131,-31.383254650980234
836,88,-46.31706388294697
837,129,-30.27333166077733
838,110,-35.7589210793376
839,108,-36.51170975714922
840,88,-45.41839715838432
841,73,-47.0740123167634
842,131,-32.20498389750719
843,122,-6.701950952410698
844,91,-46.46049793064594
845,124,-37.05790011584759
846,104,-37.51026310771704
847,108,-37.46075128018856
848,98,-38.47343695908785
849,104,-37.25381740182638
850,112,-34.699496395885944
851,112,-41.32023070752621
852,161,-22.15692913532257
853,118,-36.149575620889664
854,182,-18.309257548302412
855,128,-30.277314875274897
856,123,-33.42424191534519
857,231,20.176841229200363
858,258,-5.535460412502289
859,225,-10.115610100328922
860,142,-4.042734876275063
861,1,-36.93339920043945
862,98,-37.45926582813263
863,107,-36.64964009821415
864,93,-45.73832178115845
865,132,-30.910461097955704
866,112,-35.26313556730747
867,117,-33.418495735153556
868,144,-29.014935359358788
869,149,-27.05851390340831
870,89,-39.75711991637945
871,140,-6.932936538010836
872,111,-33.38729710876942
873,101,-42.57987157255411
874,161,-24.36596866697073
875,110,-39.50084488838911
876,163,-29.9066132158041
877,207,12.172197811305523
878,109,-34.4790451079607
879,137,-32.50955905020237
880,155,-26.302168264985085
881,298,22.260397935286164
882,116,-7.217728465795517
883,290,-8.727217629551888
884,174,-26.574366603046656
885,138,-28.651601389050484
886,298,15.611975342035294
887,117,-34.53158537298441
888,213,-10.093173041939735
889,130,-33.56605605781078
890,142,-26.158328145742416
891,132,-29.660300463438034
892,210,-10.193965911865234
893,127,-33.1368572935462
894,175,-22.60636842250824
895,210,-15.840648293495178
896,135,-34.62776407599449
897,177,-22.625121019780636
898,116,-36.99199461936951
899,167,5.52567332983017
900,125,-5.726713437587023
901,156,-27.33240204397589
902,118,-35.90282054245472
903,128,-4.815630795434117
904,99,-43.04243156313896
905,74,-45.60676397383213
906,142,-32.099566504359245
907,189,-15.232746884226799
908,135,-31.941548213362694
909,117,-33.26927526295185
910,179,-21.732610434293747
911,89,-42.70840288698673
912,147,-3.359633855521679
913,116,-35.569187343120575
914,92,-41.66558167338371
915,152,-28.964968636631966
916,156,-34.427096568048
917,79,-46.907401759177446
918,212,-18.788897288031876
919,120,-33.467894822359085
920,98,-41.606217708438635
921,151,-2.5602220501750708
922,91,-43.48559232056141
923,92,-43.34666894748807
924,133,-6.734919751062989
